title,company,location,link
Software Engineer,Educative,Lahore,https://pk.indeed.com/viewjob?cmp=&jk=b5d2845abec586d2&from=web&vjs=3
PHP Developer,iStartus,Lahore,https://pk.indeed.com/viewjob?cmp=&jk=56462b50609ec3b0&from=web&vjs=3
Principal Software Engineer / Lead Software Architect,Educative,Lahore,https://pk.indeed.com/viewjob?cmp=&jk=6e51ae69a73771f2&from=web&vjs=3
Senior Software Engineer/ Tech Lead,Educative,Lahore,https://pk.indeed.com/viewjob?cmp=&jk=3a3810f09b8a3757&from=web&vjs=3
JS Developer,Globex IT Solutions,Lahore,https://pk.indeed.com/viewjob?cmp=&jk=1186cad870bf480a&from=web&vjs=3
React/Next JS Developer,Hashed System,Lahore,https://pk.indeed.com/viewjob?cmp=&jk=8410cc992409391f&from=web&vjs=3
Front End Developer,Nowasys Services,Lahore,https://pk.indeed.com/viewjob?cmp=&jk=8f2fdeaf6fc65e6e&from=web&vjs=3
React JS Developer,Codexia Technologies,Lahore,https://pk.indeed.com/viewjob?cmp=&jk=4c5f2e3ed03403cf&from=web&vjs=3
Junior MERN Stack Developer,Bliynk Technologies,Lahore,https://pk.indeed.com/viewjob?cmp=&jk=ab935d20e5e901e9&from=web&vjs=3
Full Stack Developer,K&A Group,Lahore,https://pk.indeed.com/viewjob?cmp=&jk=2098063b56aebec3&from=web&vjs=3
Ruby on Rails Developer,Stack360,Lahore,https://pk.indeed.com/viewjob?cmp=&jk=1cb5243a1d4a59bf&from=web&vjs=3
Full Stack Developer (Node.js),Tech Tycoon,Lahore,https://pk.indeed.com/viewjob?cmp=&jk=f5cc8730a4686150&from=web&vjs=3
Front End Developer,DAT Engineering Consultancy,Lahore,https://pk.indeed.com/viewjob?cmp=&jk=7bca7764277d94a5&from=web&vjs=3
MERN Stack Developer,PureLogics,Lahore,https://pk.indeed.com/viewjob?cmp=&jk=52d6d140f369dcb6&from=web&vjs=3
Staff Software Engineer,Unifonic,Lahore,https://pk.indeed.com/viewjob?cmp=&jk=fcc46b1614e66eeb&from=web&vjs=3
Software Quality Assurance Engineer,Starzplay Arabia,Lahore,https://pk.indeed.com/viewjob?cmp=&jk=bf997132b7fffc32&from=web&vjs=3
Full-Stack JavaScript Developer,TDC | The Dev Corporate,Lahore,https://pk.indeed.com/viewjob?cmp=&jk=cad6902c8ca4ece2&from=web&vjs=3
Senior Frontend Developer (React JS),AIWORKS.AI,Lahore,https://pk.indeed.com/viewjob?cmp=&jk=60a88dcbac933210&from=web&vjs=3
Full Stack Developer,TDC | The Dev Corporate,Lahore,https://pk.indeed.com/viewjob?cmp=&jk=abdc737201cee78a&from=web&vjs=3
Mern Stack Developer,Smart Placement (Pvt) Ltd,Lahore,https://pk.indeed.com/viewjob?cmp=&jk=83eda280e42a30d7&from=web&vjs=3
Web Technology Engineer,Starzplay Arabia,Lahore,https://pk.indeed.com/viewjob?cmp=&jk=0db8648a315265ad&from=web&vjs=3
Sr Mern Stack Developer,Smart Placement (Pvt) Ltd,Lahore,https://pk.indeed.com/viewjob?cmp=&jk=6840916e3da4469f&from=web&vjs=3
Remote Full Stack Web Developer,MonetizeMore,Lahore,https://pk.indeed.com/viewjob?cmp=&jk=fc64598bf3efccb5&from=web&vjs=3
Senior Software Engineer,Unifonic,Lahore,https://pk.indeed.com/viewjob?cmp=&jk=49df9cfefb240ed2&from=web&vjs=3
Senior Backend Engineer (Remote possible),Glints,Lahore,https://pk.indeed.com/viewjob?cmp=&jk=33204cea4ebbd3ed&from=web&vjs=3
"Software Engineer, Backend, Growth (Remote possible)",Glints,Lahore,https://pk.indeed.com/viewjob?cmp=&jk=7bd1608a61d3749e&from=web&vjs=3
"Senior Software Engineer, Frontend, Growth (Remote possible)",Glints,Lahore,https://pk.indeed.com/viewjob?cmp=&jk=cbe6f51cb6b64538&from=web&vjs=3
